GAME_ID,PERIOD,EXACT_START_TIME
0022500002,1,10:18 PM EST
0022500001,1,7:44 PM EST
0022500086,1,8:14 PM EST
0022500003,1,7:14 PM EST
0022500081,1,7:15 PM EST
0022500082,1,7:45 PM EST
0022500083,1,7:42 PM EST
0022500084,1,8:14 PM EST
0022500004,1,9:49 PM EST
0022500088,1,10:14 PM EST
0022500089,1,10:17 PM EST
0022500087,1,9:16 PM EST
0022500085,1,8:13 PM EST
0022500080,1,7:11 PM EST
0022500005,1,7:45 PM EST
0022500006,1,10:19 PM EST
0022500093,1,8:13 PM EST
0022500099,1,10:44 PM EST
0022500019,1,10:18 PM EST
0022500091,1,7:44 PM EST
0022500018,1,7:44 PM EST
0022500090,1,7:11 PM EST
0022500095,1,8:12 PM EST
0022500096,1,8:41 PM EST
0022500097,1,10:13 PM EST
0022500098,1,10:12 PM EST
0022500092,1,6:45 PM EST
0022500094,1,8:11 PM EST
0022500100,1,7:11 PM EST
0022500102,1,7:42 PM EST
0022500101,1,7:41 PM EST
0022500104,1,9:14 PM EST
0022500103,1,8:11 PM EST
0022500112,1,9:11 PM EST
0022500108,1,6:15 PM EST
0022500110,1,7:14 PM EST
0022500107,1,6:12 PM EST
0022500111,1,7:42 PM EST
0022500113,1,9:11 PM EST
0022500105,1,2:12 PM EST
0022500109,1,6:17 PM EST
0022500106,1,3:45 PM EST
0022500116,1,8:12 PM EST
0022500122,1,10:41 PM EST
0022500008,1,9:43 PM EST
0022500114,1,7:11 PM EST
0022500117,1,8:11 PM EST
0022500115,1,8:11 PM EST
0022500119,1,8:41 PM EST
0022500121,1,10:12 PM EST
0022500118,1,8:14 PM EST
0022500120,1,9:12 PM EST
0022500007,1,7:13 PM EST
0022500124,1,7:42 PM EST
0022500125,1,8:13 PM EST
0022500127,1,11:14 PM EST
0022500126,1,8:11 PM EST
0022500123,1,7:11 PM EST
0022500136,1,9:43 PM EST
0022500130,1,7:42 PM EST
0022500128,1,7:13 PM EST
0022500132,1,8:10 PM EST
0022500133,1,8:41 PM EST
0022500134,1,9:11 PM EST
0022500137,1,10:11 PM EST
0022500131,1,6:44 PM EST
0022500135,1,9:12 PM EST
0022500129,1,7:11 PM EST
0022500139,1,8:11 PM EST
0022500141,1,8:41 PM EST
0022500140,1,8:11 PM EST
0022500138,1,7:11 PM EST
0022500027,1,10:41 PM EST
0022500020,1,7:11 PM EST
0022500021,1,7:13 PM EST
0022500022,1,7:42 PM EST
0022500023,1,8:11 PM EST
0022500025,1,10:11 PM EST
0022500026,1,10:13 PM EST
0022500024,1,9:43 PM EST
0022500142,1,5:10 PM EST
0022500144,1,7:11 PM EST
0022500146,1,8:11 PM EST
0022500145,1,7:11 PM EST
0022500143,1,6:11 PM EST
0022500155,1,9:41 PM EST
0022500149,1,6:11 PM EST
0022500153,1,7:12 PM EST
0022500151,1,6:11 PM EST
0022500154,1,8:11 PM EST
0022500148,1,3:41 PM EST
0022500152,1,6:13 PM EST
0022500150,1,6:11 PM EST
0022500160,1,8:12 PM EST
0022500164,1,10:41 PM EST
0022500156,1,7:14 PM EST
0022500159,1,7:42 PM EST
0022500157,1,7:12 PM EST
0022500158,1,7:41 PM EST
0022500162,1,9:11 PM EST
0022500163,1,10:13 PM EST
0022500161,1,8:10 PM EST
0022500170,1,11:14 PM EST
0022500166,1,8:13 PM EST
0022500168,1,8:11 PM EST
0022500167,1,8:11 PM EST
0022500169,1,10:12 PM EST
0022500165,1,7:43 PM EST
0022500179,1,10:13 PM EST
0022500175,1,7:44 PM EST
0022500173,1,7:11 PM EST
0022500174,1,7:41 PM EST
0022500171,1,7:11 PM EST
0022500177,1,8:41 PM EST
0022500178,1,9:11 PM EST
0022500180,1,10:12 PM EST
0022500181,1,10:11 PM EST
0022500176,1,8:11 PM EST
0022500172,1,7:11 PM EST
0022500182,1,9:11 PM EST
0022500033,1,8:11 PM EST
0022500035,1,8:11 PM EST
0022500036,1,8:11 PM EST
0022500031,1,7:41 PM EST
0022500028,1,7:11 PM EST
0022500030,1,7:45 PM EST
0022500037,1,10:13 PM EST
0022500038,1,10:11 PM EST
0022500032,1,7:43 PM EST
0022500034,1,8:12 PM EST
0022500029,1,7:11 PM EST
0022500190,1,10:43 PM EST
0022500187,1,8:12 PM EST
0022500184,1,7:43 PM EST
0022500185,1,8:11 PM EST
0022500186,1,8:11 PM EST
0022500189,1,9:11 PM EST
0022500188,1,8:11 PM EST
0022500183,1,7:11 PM EST
0022500191,1,3:41 PM EST
0022500192,1,6:12 PM EST
0022500193,1,6:12 PM EST
0022500195,1,7:42 PM EST
0022500196,1,8:43 PM EST
0022500197,1,9:11 PM EST
0022500194,1,6:11 PM EST
0022500206,1,10:42 PM EST
0022500201,1,7:44 PM EST
0022500200,1,7:12 PM EST
0022500202,1,8:11 PM EST
0022500203,1,8:41 PM EST
0022500204,1,9:11 PM EST
0022500205,1,9:11 PM EST
0022500199,1,7:13 PM EST
0022500198,1,7:11 PM EST
0022500207,1,7:44 PM EST
0022500208,1,7:43 PM EST
0022500209,1,8:13 PM EST
0022500212,1,11:13 PM EST
0022500210,1,8:11 PM EST
0022500211,1,9:12 PM EST
0022500218,1,8:12 PM EST
0022500224,1,10:41 PM EST
0022500217,1,7:42 PM EST
0022500215,1,7:13 PM EST
0022500216,1,7:41 PM EST
0022500219,1,8:11 PM EST
0022500221,1,8:41 PM EST
0022500223,1,10:11 PM EST
0022500220,1,8:11 PM EST
0022500222,1,9:48 PM EST
0022500214,1,7:11 PM EST
0022500213,1,7:11 PM EST
0022500225,1,7:13 PM EST
0022500226,1,9:11 PM EST
0022500227,1,9:18 PM EST
0022500042,1,8:12 PM EST
0022500043,1,8:11 PM EST
0022500044,1,8:11 PM EST
0022500039,1,7:13 PM EST
0022500040,1,7:12 PM EST
0022500045,1,8:11 PM EST
0022500046,1,8:41 PM EST
0022500047,1,9:46 PM EST
0022500041,1,7:41 PM EST
0022500231,1,8:11 PM EST
0022500232,1,8:12 PM EST
0022500230,1,7:13 PM EST
0022500228,1,5:12 PM EST
0022500229,1,7:11 PM EST
0022500236,1,7:12 PM EST
0022500233,1,3:41 PM EST
0022500237,1,7:11 PM EST
0022500238,1,7:41 PM EST
0022500239,1,8:11 PM EST
0022500234,1,4:11 PM EST
0022500240,1,8:12 PM EST
0022500235,1,6:11 PM EST
0022500244,1,7:42 PM EST
0022500246,1,8:11 PM EST
0022500243,1,7:11 PM EST
0022500241,1,7:13 PM EST
0022500247,1,8:11 PM EST
0022500248,1,9:11 PM EST
0022500245,1,7:44 PM EST
0022500242,1,7:12 PM EST
0022500253,1,10:41 PM EST
0022500250,1,7:41 PM EST
0022500249,1,7:12 PM EST
0022500251,1,7:43 PM EST
0022500254,1,11:14 PM EST
0022500252,1,8:13 PM EST
0022500257,1,7:42 PM EST
0022500259,1,8:11 PM EST
0022500256,1,7:11 PM EST
0022500258,1,7:12 PM EST
0022500255,1,7:13 PM EST
0022500260,1,8:11 PM EST
0022500262,1,9:48 PM EST
0022500263,1,10:12 PM EST
0022500261,1,8:11 PM EST
0022500266,1,8:11 PM EST
0022500264,1,7:12 PM EST
0022500267,1,8:11 PM EST
0022500265,1,8:11 PM EST
0022500054,1,9:43 PM EST
0022500049,1,7:41 PM EST
0022500048,1,7:13 PM EST
0022500051,1,8:12 PM EST
0022500052,1,8:41 PM EST
0022500056,1,10:11 PM EST
0022500053,1,9:11 PM EST
0022500050,1,7:43 PM EST
0022500055,1,10:12 PM EST
0022500272,1,8:11 PM EST
0022500269,1,5:12 PM EST
0022500270,1,7:11 PM EST
0022500271,1,8:11 PM EST
0022500273,1,8:41 PM EST
0022500274,1,10:12 PM EST
0022500268,1,1:11 PM EST
0022500275,1,1:12 PM EST
0022500276,1,6:11 PM EST
0022500277,1,6:11 PM EST
0022500278,1,6:12 PM EST
0022500281,1,8:11 PM EST
0022500280,1,7:11 PM EST
0022500279,1,6:13 PM EST
0022500282,1,8:12 PM EST
0022500286,1,7:42 PM EST
0022500288,1,8:11 PM EST
0022500285,1,7:42 PM EST
0022500283,1,7:12 PM EST
0022500289,1,8:11 PM EST
0022500291,1,10:11 PM EST
0022500290,1,9:43 PM EST
0022500292,1,10:11 PM EST
0022500284,1,7:13 PM EST
0022500287,1,8:11 PM EST
0022500059,1,11:14 PM EST
0022500058,1,8:14 PM EST
0022500057,1,7:11 PM EST
0022500062,1,7:42 PM EST
0022500060,1,5:13 PM EST
0022500065,1,8:11 PM EST
0022500066,1,10:18 PM EST
0022500067,1,10:12 PM EST
0022500068,1,10:11 PM EST
0022500064,1,7:49 PM EST
0022500063,1,7:43 PM EST
0022500061,1,7:11 PM EST
0022500079,1,10:11 PM EST
0022500078,1,10:19 PM EST
0022500070,1,7:41 PM EST
0022500074,1,7:43 PM EST
0022500073,1,7:41 PM EST
0022500069,1,7:41 PM EST
0022500076,1,9:41 PM EST
0022500075,1,9:41 PM EST
0022500077,1,9:42 PM EST
0022500072,1,7:42 PM EST
0022500071,1,7:41 PM EST
0022500300,1,10:11 PM EST
0022500296,1,8:13 PM EST
0022500297,1,8:11 PM EST
0022500293,1,5:11 PM EST
0022500295,1,7:41 PM EST
0022500298,1,8:43 PM EST
0022500299,1,9:11 PM EST
0022500294,1,6:12 PM EST
0022500308,1,9:41 PM EST
0022500306,1,7:11 PM EST
0022500303,1,6:13 PM EST
0022500304,1,6:11 PM EST
0022500302,1,6:11 PM EST
0022500305,1,6:12 PM EST
0022500307,1,9:11 PM EST
0022500301,1,3:12 PM EST
0022500317,1,10:13 PM EST
0022500313,1,7:42 PM EST
0022500312,1,7:41 PM EST
0022500314,1,7:43 PM EST
0022500310,1,7:11 PM EST
0022500315,1,9:11 PM EST
0022500316,1,9:12 PM EST
0022500311,1,7:11 PM EST
0022500309,1,7:11 PM EST
0022500318,1,7:11 PM EST
0022500320,1,8:13 PM EST
0022500321,1,8:11 PM EST
0022500323,1,11:14 PM EST
0022500322,1,8:11 PM EST
0022500319,1,7:42 PM EST
0022500330,1,8:11 PM EST
0022500331,1,8:11 PM EST
0022500328,1,7:44 PM EST
0022500326,1,7:11 PM EST
0022500325,1,7:11 PM EST
0022500327,1,7:41 PM EST
0022500324,1,7:11 PM EST
0022500329,1,8:11 PM EST
0022500332,1,8:41 PM EST
0022500335,1,7:41 PM EST
0022500333,1,7:11 PM EST
0022500337,1,8:11 PM EST
0022500336,1,7:43 PM EST
0022500334,1,7:12 PM EST
0022500346,1,8:12 PM EST
0022500348,1,8:11 PM EST
0022500343,1,7:42 PM EST
0022500339,1,7:12 PM EST
0022500340,1,7:41 PM EST
0022500338,1,7:13 PM EST
0022500341,1,7:41 PM EST
0022500345,1,8:11 PM EST
0022500349,1,9:43 PM EST
0022500344,1,7:42 PM EST
0022500347,1,8:13 PM EST
0022500342,1,7:43 PM EST
0022500354,1,8:12 PM EST
0022500355,1,8:11 PM EST
0022500350,1,5:11 PM EST
0022500352,1,7:42 PM EST
0022500356,1,8:42 PM EST
0022500351,1,7:11 PM EST
0022500353,1,7:42 PM EST
0022500357,1,12:12 PM EST
0022500362,1,7:41 PM EST
0022500361,1,7:12 PM EST
0022500358,1,3:44 PM EST
0022500363,1,8:12 PM EST
0022500360,1,6:11 PM EST
0022500359,1,6:11 PM EST
0022500365,1,7:43 PM EST
0022500364,1,7:11 PM EST
0022500366,1,8:11 PM EST
0022501201,1,6:14 PM EST
0022501202,1,8:48 PM EST
0022501204,1,10:14 PM EST
0022501203,1,7:43 PM EST
0022501205,1,8:12 PM EST
0022501206,1,8:11 PM EST
0022501207,1,8:11 PM EST
0022501208,1,10:11 PM EST
0022501211,1,7:11 PM EST
0022501214,1,8:41 PM EST
0022501215,1,10:12 PM EST
0022501213,1,8:11 PM EST
0022501212,1,7:11 PM EST
0022501210,1,7:13 PM EST
0022501209,1,7:11 PM EST
0022501220,1,7:11 PM EST
0022501219,1,6:12 PM EST
0022501216,1,3:11 PM EST
0022501217,1,6:12 PM EST
0022501218,1,3:42 PM EST
0022501223,1,7:11 PM EST
0022501228,1,8:11 PM EST
0022501221,1,9:12 PM EST
0022501226,1,10:41 PM EST
0022501227,1,7:44 PM EST
0022501222,1,7:13 PM EST
0022501225,1,9:43 PM EST
0022501224,1,9:12 PM EST
0022500368,1,8:11 PM EST
0022500367,1,8:11 PM EST
0022500374,1,8:13 PM EST
0022500373,1,7:41 PM EST
0022500372,1,7:11 PM EST
0022500375,1,8:11 PM EST
0022500376,1,8:41 PM EST
0022500377,1,9:11 PM EST
0022500378,1,9:11 PM EST
0022500380,1,10:13 PM EST
0022500370,1,8:12 PM EST
0022500369,1,8:11 PM EST
0022500379,1,9:12 PM EST
0022500371,1,7:11 PM EST
0022500385,1,9:46 PM EST
0022500382,1,7:13 PM EST
0022500383,1,7:41 PM EST
0022500381,1,7:11 PM EST
0022500384,1,7:41 PM EST
0022500395,1,10:41 PM EST
0022500387,1,7:11 PM EST
0022500389,1,7:11 PM EST
0022500386,1,5:12 PM EST
0022500392,1,8:42 PM EST
0022500394,1,10:10 PM EST
0022500388,1,7:13 PM EST
0022500393,1,9:42 PM EST
0022500391,1,8:12 PM EST
0022500390,1,7:41 PM EST
0022500400,1,7:11 PM EST
0022500397,1,6:13 PM EST
0022500398,1,6:11 PM EST
0022500396,1,3:41 PM EST
0022500401,1,10:10 PM EST
0022500399,1,7:11 PM EST
0022500403,1,7:42 PM EST
0022500402,1,7:14 PM EST
0022500404,1,8:11 PM EST
0022500405,1,9:12 PM EST
0022500407,1,10:11 PM EST
0022500408,1,10:12 PM EST
0022500406,1,9:43 PM EST
0022500422,1,10:43 PM EST
0022500414,1,7:44 PM EST
0022500416,1,8:11 PM EST
0022500413,1,7:41 PM EST
0022500410,1,7:12 PM EST
0022500411,1,7:41 PM EST
0022500412,1,7:41 PM EST
0022500415,1,8:12 PM EST
0022500418,1,9:11 PM EST
0022500420,1,10:12 PM EST
0022500421,1,10:11 PM EST
0022500417,1,8:41 PM EST
0022500419,1,9:13 PM EST
0022500409,1,7:11 PM EST
0022500012,1,8:13 PM EST
0022500009,1,12:08 PM EST
0022500013,1,10:44 PM EST
0022500011,1,5:18 PM EST
0022500010,1,2:45 PM EST
0022500424,1,7:12 PM EST
0022500426,1,7:11 PM EST
0022500423,1,7:11 PM EST
0022500429,1,8:11 PM EST
0022500427,1,7:43 PM EST
0022500431,1,10:14 PM EST
0022500430,1,9:42 PM EST
0022500428,1,8:11 PM EST
0022500425,1,7:14 PM EST
0022500438,1,8:12 PM EST
0022500436,1,8:13 PM EST
0022500439,1,8:11 PM EST
0022500433,1,7:12 PM EST
0022500435,1,8:11 PM EST
0022500434,1,7:11 PM EST
0022500437,1,8:11 PM EST
0022500432,1,5:11 PM EST
0022500440,1,8:12 PM EST
0022500445,1,9:11 PM EST
0022500446,1,9:41 PM EST
0022500444,1,6:12 PM EST
0022500442,1,3:41 PM EST
0022500441,1,3:43 PM EST
0022500443,1,6:11 PM EST
0022500453,1,8:12 PM EST
0022500450,1,7:42 PM EST
0022500449,1,7:42 PM EST
0022500454,1,8:11 PM EST
0022500452,1,8:11 PM EST
0022500457,1,10:50 PM EST
0022500456,1,8:11 PM EST
0022500455,1,8:11 PM EST
0022500451,1,7:43 PM EST
0022500448,1,7:11 PM EST
0022500447,1,7:11 PM EST
0022500461,1,11:11 PM EST
0022500460,1,10:44 PM EST
0022500459,1,9:12 PM EST
0022500458,1,8:12 PM EST
0022500469,1,8:11 PM EST
0022500464,1,3:11 PM EST
0022500463,1,3:11 PM EST
0022500465,1,3:41 PM EST
0022500466,1,7:11 PM EST
0022500467,1,7:11 PM EST
0022500470,1,8:11 PM EST
0022500468,1,7:42 PM EST
0022500462,1,1:11 PM EST
0022500475,1,10:41 PM EST
0022500471,1,6:11 PM EST
0022500473,1,8:41 PM EST
0022500474,1,10:11 PM EST
0022500472,1,7:12 PM EST
0022500485,1,10:41 PM EST
0022500481,1,8:11 PM EST
0022500479,1,7:42 PM EST
0022500476,1,7:11 PM EST
0022500478,1,7:43 PM EST
0022500482,1,8:11 PM EST
0022500480,1,8:11 PM EST
0022500484,1,10:13 PM EST
0022500483,1,9:11 PM EST
0022500477,1,7:12 PM EST
0022500493,1,10:41 PM EST
0022500486,1,5:12 PM EST
0022500487,1,7:42 PM EST
0022500489,1,8:11 PM EST
0022500491,1,8:41 PM EST
0022500492,1,10:11 PM EST
0022500490,1,8:12 PM EST
0022500488,1,7:42 PM EST
0022500501,1,9:42 PM EST
0022500497,1,6:12 PM EST
0022500496,1,3:41 PM EST
0022500495,1,3:12 PM EST
0022500494,1,2:11 PM EST
0022500499,1,8:11 PM EST
0022500500,1,9:11 PM EST
0022500498,1,6:11 PM EST
0022500505,1,8:11 PM EST
0022500508,1,10:11 PM EST
0022500507,1,8:42 PM EST
0022500503,1,7:41 PM EST
0022500509,1,10:12 PM EST
0022500506,1,8:11 PM EST
0022500504,1,7:42 PM EST
0022500502,1,7:11 PM EST
0022500513,1,8:13 PM EST
0022500510,1,7:11 PM EST
0022500514,1,8:11 PM EST
0022500515,1,11:13 PM EST
0022500512,1,8:11 PM EST
0022500511,1,7:12 PM EST
0022500521,1,7:41 PM EST
0022500522,1,7:42 PM EST
0022500518,1,7:12 PM EST
0022500519,1,7:41 PM EST
0022500520,1,7:13 PM EST
0022500526,1,10:11 PM EST
0022500527,1,10:13 PM EST
0022500523,1,9:44 PM EST
0022500525,1,8:11 PM EST
0022500524,1,8:11 PM EST
0022500517,1,7:11 PM EST
0022500516,1,7:12 PM EST
0022500530,1,8:12 PM EST
0022500531,1,9:12 PM EST
0022500528,1,7:11 PM EST
0022500541,1,10:42 PM EST
0022500535,1,7:41 PM EST
0022500533,1,7:11 PM EST
0022500532,1,7:13 PM EST
0022500537,1,9:11 PM EST
0022500539,1,10:11 PM EST
0022500538,1,9:11 PM EST
0022500540,1,10:13 PM EST
0022500536,1,8:11 PM EST
0022500534,1,7:11 PM EST
0022500543,1,7:11 PM EST
0022500545,1,8:11 PM EST
0022500542,1,1:13 PM EST
0022500546,1,8:11 PM EST
0022500547,1,9:42 PM EST
0022500544,1,7:41 PM EST
0022500552,1,7:11 PM EST
0022500548,1,3:12 PM EST
0022500554,1,8:11 PM EST
0022500556,1,8:42 PM EST
0022500555,1,8:11 PM EST
0022500551,1,6:13 PM EST
0022500557,1,9:11 PM EST
0022500553,1,7:11 PM EST
0022500550,1,6:12 PM EST
0022500549,1,3:41 PM EST
0022500563,1,10:41 PM EST
0022500559,1,7:43 PM EST
0022500558,1,7:12 PM EST
0022500561,1,8:41 PM EST
0022500562,1,10:11 PM EST
0022500560,1,7:43 PM EST
0022500565,1,8:12 PM EST
0022500569,1,10:41 PM EST
0022500564,1,7:42 PM EST
0022500566,1,8:14 PM EST
0022500567,1,8:11 PM EST
0022500570,1,11:14 PM EST
0022500568,1,8:13 PM EST
0022500577,1,10:41 PM EST
0022500571,1,7:12 PM EST
0022500572,1,7:13 PM EST
0022500574,1,8:11 PM EST
0022500573,1,8:11 PM EST
0022500575,1,9:43 PM EST
0022500576,1,10:11 PM EST
0022500581,1,7:44 PM EST
0022500586,1,10:41 PM EST
0022500580,1,7:42 PM EST
0022500583,1,8:42 PM EST
0022500584,1,10:14 PM EST
0022500585,1,10:13 PM EST
0022500582,1,8:11 PM EST
0022500579,1,7:13 PM EST
0022500591,1,9:43 PM EST
0022500587,1,7:41 PM EST
0022500588,1,7:12 PM EST
0022500589,1,7:14 PM EST
0022500592,1,10:11 PM EST
0022500590,1,7:43 PM EST
0022500597,1,8:14 PM EST
0022500596,1,7:43 PM EST
0022500594,1,7:41 PM EST
0022500593,1,5:14 PM EST
0022500600,1,9:11 PM EST
0022500599,1,8:41 PM EST
0022500601,1,10:14 PM EST
0022500598,1,8:11 PM EST
0022500595,1,7:42 PM EST
0022500604,1,7:11 PM EST
0022500607,1,9:43 PM EST
0022500603,1,7:13 PM EST
0022500605,1,8:11 PM EST
0022500606,1,9:13 PM EST
0022500610,1,7:43 PM EST
0022500016,1,5:19 PM EST
0022500609,1,7:12 PM EST
0022500014,1,1:13 PM EST
0022500015,1,2:44 PM EST
0022500612,1,10:14 PM EST
0022500611,1,5:12 PM EST
0022500608,1,3:12 PM EST
0022500017,1,8:14 PM EST
0022500615,1,8:35 PM EST
0022500613,1,7:11 PM EST
0022500614,1,8:11 PM EST
0022500617,1,10:13 PM EST
0022500618,1,10:13 PM EST
0022500619,1,10:10 PM EST
0022500616,1,9:12 PM EST
0022500625,1,9:49 PM EST
0022500622,1,7:42 PM EST
0022500621,1,7:41 PM EST
0022500624,1,8:11 PM EST
0022500626,1,10:12 PM EST
0022500623,1,8:11 PM EST
0022500620,1,7:13 PM EST
0022500633,1,10:18 PM EST
0022500631,1,8:11 PM EST
0022500627,1,7:11 PM EST
0022500628,1,7:11 PM EST
0022500630,1,7:44 PM EST
0022500634,1,10:12 PM EST
0022500632,1,9:12 PM EST
0022500629,1,7:11 PM EST
0022500640,1,9:43 PM EST
0022500637,1,7:41 PM EST
0022500636,1,7:41 PM EST
0022500638,1,7:41 PM EST
0022500642,1,10:14 PM EST
0022500641,1,8:11 PM EST
0022500639,1,8:11 PM EST
0022500635,1,7:14 PM EST
0022500646,1,7:12 PM EST
0022500643,1,3:11 PM EST
0022500647,1,8:11 PM EST
0022500648,1,8:41 PM EST
0022500649,1,9:42 PM EST
0022500645,1,12:11 PM EST
0022500656,1,9:11 PM EST
0022500644,1,5:42 PM EST
0022500655,1,8:11 PM EST
0022500654,1,7:11 PM EST
0022500653,1,7:12 PM EST
0022500650,1,3:12 PM EST
0022500662,1,8:12 PM EST
0022500663,1,9:43 PM EST
0022500659,1,1:41 PM EST
0022500660,1,8:13 PM EST
0022500658,1,7:14 PM EST
0022500661,1,8:12 PM EST
0022500657,1,3:11 PM EST
0022500665,1,7:42 PM EST
0022500666,1,8:13 PM EST
0022500668,1,9:11 PM EST
0022500669,1,9:11 PM EST
0022500667,1,8:11 PM EST
0022500670,1,10:13 PM EST
0022500664,1,7:11 PM EST
0022500679,1,9:43 PM EST
0022500674,1,7:49 PM EST
0022500672,1,7:11 PM EST
0022500673,1,7:41 PM EST
0022500671,1,7:14 PM EST
0022500677,1,8:42 PM EST
0022500675,1,7:43 PM EST
0022500678,1,9:12 PM EST
0022500676,1,8:11 PM EST
0022500686,1,9:43 PM EST
0022500680,1,7:12 PM EST
0022500682,1,8:11 PM EST
0022500529,1,8:11 PM EST
0022500683,1,8:41 PM EST
0022500684,1,9:11 PM EST
0022500685,1,9:11 PM EST
0022500681,1,7:13 PM EST
0022500690,1,7:42 PM EST
0022500687,1,7:43 PM EST
0022500689,1,7:41 PM EST
0022500691,1,7:41 PM EST
0022500695,1,9:11 PM EST
0022500696,1,10:18 PM EST
0022500693,1,9:11 PM EST
0022500694,1,9:42 PM EST
0022500688,1,7:11 PM EST
0022500701,1,8:41 PM EST
0022500692,1,8:12 PM EST
0022500698,1,7:11 PM EST
0022500699,1,7:41 PM EST
0022500700,1,8:11 PM EST
0022500697,1,12:13 PM EST
0022500705,1,6:13 PM EST
0022500708,1,7:14 PM EST
0022500702,1,3:44 PM EST
0022500711,1,9:43 PM EST
0022500709,1,8:11 PM EST
0022500710,1,9:12 PM EST
0022500703,1,9:11 PM EST
0022500706,1,6:12 PM EST
0022500707,1,6:11 PM EST
0022500704,1,6:14 PM EST
0022500715,1,10:13 PM EST
0022500713,1,7:12 PM EST
0022500714,1,7:43 PM EST
0022500712,1,3:10 PM EST
0022500720,1,7:42 PM EST
0022500722,1,8:13 PM EST
0022500719,1,7:41 PM EST
0022500717,1,7:12 PM EST
0022500721,1,8:13 PM EST
0022500724,1,10:13 PM EST
0022500725,1,11:14 PM EST
0022500723,1,8:13 PM EST
0022500718,1,7:13 PM EST
0022500716,1,7:11 PM EST
0022500728,1,8:12 PM EST
0022500732,1,10:42 PM EST
0022500729,1,8:12 PM EST
0022500726,1,7:13 PM EST
0022500731,1,10:12 PM EST
0022500730,1,9:43 PM EST
0022500727,1,7:43 PM EST
0022500737,1,8:11 PM EST
0022500740,1,10:12 PM EST
0022500734,1,7:14 PM EST
0022500735,1,7:41 PM EST
0022500738,1,8:41 PM EST
0022500739,1,10:13 PM EST
0022500736,1,7:43 PM EST
0022500733,1,7:14 PM EST
0022500743,1,8:15 PM EST
0022500744,1,8:11 PM EST
0022500741,1,7:41 PM EST
0022500745,1,10:12 PM EST
0022500746,1,10:13 PM EST
0022500742,1,7:44 PM EST
0022500753,1,8:41 PM EST
0022500747,1,3:11 PM EST
0022500750,1,7:11 PM EST
0022500751,1,7:41 PM EST
0022500752,1,8:13 PM EST
0022500754,1,9:11 PM EST
0022500755,1,10:15 PM EST
0022500756,1,10:11 PM EST
0022500749,1,6:13 PM EST
0022500748,1,3:41 PM EST
0022500760,1,3:13 PM EST
0022500757,1,12:41 PM EST
0022500759,1,3:12 PM EST
0022500758,1,2:13 PM EST
0022500769,1,10:14 PM EST
0022500763,1,7:43 PM EST
0022500765,1,8:12 PM EST
0022500762,1,7:43 PM EST
0022500764,1,7:43 PM EST
0022500766,1,8:11 PM EST
0022500767,1,9:13 PM EST
0022500768,1,10:13 PM EST
0022500770,1,10:14 PM EST
0022500761,1,7:11 PM EST
0022500772,1,8:12 PM EST
0022500774,1,10:42 PM EST
0022500771,1,7:42 PM EST
0022500773,1,9:11 PM EST
0022500782,1,8:12 PM EST
0022500783,1,8:14 PM EST
0022500779,1,7:41 PM EST
0022500777,1,7:11 PM EST
0022500780,1,7:43 PM EST
0022500778,1,7:42 PM EST
0022500776,1,7:12 PM EST
0022500784,1,8:11 PM EST
0022500787,1,9:12 PM EST
0022500788,1,10:13 PM EST
0022500785,1,9:11 PM EST
0022500781,1,7:43 PM EST
0022500786,1,9:13 PM EST
0022500775,1,7:11 PM EST
0022500791,1,10:13 PM EST
0022500789,1,7:43 PM EST
0022500790,1,9:12 PM EST
0022500801,1,10:41 PM EST
0022500796,1,7:43 PM EST
0022500794,1,7:11 PM EST
0022500793,1,7:13 PM EST
0022500797,1,8:14 PM EST
0022500799,1,10:17 PM EST
0022500800,1,10:10 PM EST
0022500798,1,8:42 PM EST
0022500795,1,7:11 PM EST
0022500792,1,7:12 PM EST
0022500809,1,10:16 PM EST
0022500806,1,7:43 PM EST
0022500805,1,7:41 PM EST
0022500807,1,8:11 PM EST
0022500810,1,10:16 PM EST
0022500808,1,8:11 PM EST
0022500804,1,7:11 PM EST
0022500803,1,7:12 PM EST
0022500802,1,7:11 PM EST
0022500813,1,8:12 PM EST
0022500816,1,8:41 PM EST
0022500812,1,7:11 PM EST
0022500814,1,8:11 PM EST
0022500811,1,5:11 PM EST
0022500815,1,8:11 PM EST
0022500827,1,9:11 PM EST
0022500823,1,6:36 PM EST
0022500819,1,3:43 PM EST
0022500824,1,7:11 PM EST
0022500821,1,5:11 PM EST
0022500818,1,3:41 PM EST
0022500825,1,8:13 PM EST
0022500820,1,3:46 PM EST
0022500826,1,8:11 PM EST
0022500817,1,1:11 PM EST
0022500822,1,6:12 PM EST
0022500830,1,9:44 PM EST
0022500829,1,8:10 PM EST
0022500828,1,7:14 PM EST
0022500840,1,10:41 PM EST
0022500837,1,8:13 PM EST
0022500833,1,7:41 PM EST
0022500831,1,7:11 PM EST
0022500832,1,7:41 PM EST
0022500835,1,7:43 PM EST
0022500838,1,8:11 PM EST
0022500836,1,8:12 PM EST
0022500839,1,9:11 PM EST
0022500841,1,10:14 PM EST
0022500834,1,7:42 PM EST
0022500845,1,8:12 PM EST
0022500846,1,8:13 PM EST
0022500847,1,10:13 PM EST
0022500843,1,7:43 PM EST
0022500844,1,7:42 PM EST
0022500842,1,7:44 PM EST
0022500857,1,10:16 PM EST
0022500851,1,7:42 PM EST
0022500852,1,7:44 PM EST
0022500848,1,7:11 PM EST
0022500849,1,7:11 PM EST
0022500850,1,7:41 PM EST
0022500853,1,8:13 PM EST
0022500854,1,8:41 PM EST
0022500855,1,9:11 PM EST
0022500856,1,9:12 PM EST
0022500860,1,8:14 PM EST
0022500859,1,7:41 PM EST
0022500861,1,8:41 PM EST
0022500862,1,9:48 PM EST
0022500858,1,7:14 PM EST
0022500864,1,3:43 PM EST
0022500866,1,8:42 PM EST
0022500867,1,9:42 PM EST
0022500865,1,7:13 PM EST
0022500863,1,1:13 PM EST
0022500877,1,9:11 PM EST
0022500878,1,9:41 PM EST
0022500869,1,3:42 PM EST
0022500868,1,1:11 PM EST
0022500875,1,6:11 PM EST
0022500872,1,5:11 PM EST
0022500873,1,6:11 PM EST
0022500874,1,8:13 PM EST
0022500870,1,3:41 PM EST
0022500876,1,8:11 PM EST
0022500871,1,3:47 PM EST
0022500880,1,7:41 PM EST
0022500882,1,10:13 PM EST
0022500881,1,9:12 PM EST
0022500879,1,7:12 PM EST
0022500891,1,10:41 PM EST
0022500886,1,7:43 PM EST
0022500890,1,8:11 PM EST
0022500885,1,7:12 PM EST
0022500888,1,8:14 PM EST
0022500884,1,7:12 PM EST
0022500889,1,8:11 PM EST
0022500892,1,11:13 PM EST
0022500887,1,7:43 PM EST
0022500883,1,7:11 PM EST
0022500898,1,10:41 PM EST
0022500897,1,9:45 PM EST
0022500893,1,7:13 PM EST
0022500895,1,7:41 PM EST
0022500894,1,7:41 PM EST
0022500896,1,8:12 PM EST
0022500902,1,7:43 PM EST
0022500901,1,7:41 PM EST
0022500903,1,8:13 PM EST
0022500899,1,7:11 PM EST
0022500906,1,10:13 PM EST
0022500905,1,9:11 PM EST
0022500907,1,10:11 PM EST
0022500904,1,8:11 PM EST
0022500900,1,7:11 PM EST
0022500910,1,8:12 PM EST
0022500914,1,10:41 PM EST
0022500908,1,7:13 PM EST
0022500911,1,9:11 PM EST
0022500912,1,9:11 PM EST
0022500913,1,9:43 PM EST
0022500909,1,7:11 PM EST
0022500919,1,8:11 PM EST
0022500915,1,3:13 PM EST
0022500917,1,6:11 PM EST
0022500920,1,8:41 PM EST
0022500918,1,8:11 PM EST
0022500916,1,6:12 PM EST
0022500922,1,3:44 PM EST
0022500923,1,6:12 PM EST
0022500926,1,8:10 PM EST
0022500921,1,1:11 PM EST
0022500925,1,7:11 PM EST
0022500928,1,10:13 PM EST
0022500929,1,9:12 PM EST
0022500930,1,9:11 PM EST
0022500927,1,8:13 PM EST
0022500924,1,6:12 PM EST
0022500935,1,10:13 PM EST
0022500932,1,7:41 PM EST
0022500931,1,7:12 PM EST
0022500933,1,7:43 PM EST
0022500934,1,9:12 PM EST
0022500940,1,8:13 PM EST
0022500946,1,11:13 PM EST
0022500938,1,7:41 PM EST
0022500941,1,8:10 PM EST
0022500937,1,7:42 PM EST
0022500936,1,7:11 PM EST
0022500939,1,7:41 PM EST
0022500943,1,10:11 PM EST
0022500944,1,10:12 PM EST
0022500945,1,10:11 PM EST
0022500942,1,8:13 PM EST
0022500952,1,10:41 PM EST
0022500947,1,7:43 PM EST
0022500948,1,8:12 PM EST
0022500950,1,10:14 PM EST
0022500951,1,10:10 PM EST
0022500949,1,9:12 PM EST
0022500960,1,10:41 PM EST
0022500957,1,7:42 PM EST
0022500955,1,7:11 PM EST
0022500954,1,7:11 PM EST
0022500956,1,7:41 PM EST
0022500958,1,9:11 PM EST
0022500959,1,9:43 PM EST
0022501111,1,8:11 PM EST
0022500953,1,7:13 PM EST
0022500964,1,8:12 PM EST
0022500968,1,10:41 PM EST
0022500962,1,7:41 PM EST
0022500965,1,7:43 PM EST
0022500966,1,10:14 PM EST
0022500967,1,10:13 PM EST
0022500963,1,7:42 PM EST
0022500961,1,7:43 PM EST
0022500975,1,10:48 PM EST
0022500974,1,8:41 PM EST
0022500972,1,8:13 PM EST
0022500969,1,1:11 PM EST
0022500970,1,3:11 PM EST
0022500971,1,6:11 PM EST
0022500973,1,3:43 PM EST
0022500979,1,3:40 PM EST
0022500981,1,8:14 PM EST
0022500980,1,6:11 PM EST
0022500977,1,3:41 PM EST
0022500982,1,10:10 PM EST
0022500976,1,1:11 PM EST
0022500978,1,3:42 PM EST
0022500989,1,9:44 PM EST
0022500990,1,10:13 PM EST
0022500985,1,7:41 PM EST
0022500983,1,7:13 PM EST
0022500986,1,7:42 PM EST
0022500988,1,8:11 PM EST
0022500987,1,8:11 PM EST
0022500984,1,7:11 PM EST
0022500995,1,8:13 PM EST
0022500996,1,8:11 PM EST
0022500994,1,7:42 PM EST
0022500992,1,7:12 PM EST
0022500997,1,10:13 PM EST
0022500998,1,10:11 PM EST
0022500993,1,7:11 PM EST
0022500991,1,7:11 PM EST
0022501007,1,9:44 PM EST
0022501004,1,8:11 PM EST
0022501000,1,7:41 PM EST
0022501001,1,7:41 PM EST
0022500999,1,7:13 PM EST
0022501005,1,8:11 PM EST
0022501002,1,8:12 PM EST
0022501006,1,8:41 PM EST
0022500651,1,8:41 PM EST
0022501010,1,8:11 PM EST
0022501012,1,8:11 PM EST
0022501011,1,8:11 PM EST
0022501015,1,10:11 PM EST
0022501013,1,8:11 PM EST
0022501014,1,9:11 PM EST
0022501009,1,7:11 PM EST
0022501008,1,7:11 PM EST
0022501018,1,8:12 PM EST
0022501020,1,8:11 PM EST
0022501016,1,7:41 PM EST
0022501021,1,9:13 PM EST
0022501019,1,8:11 PM EST
0022501017,1,7:42 PM EST
0022501027,1,8:12 PM EST
0022501024,1,7:11 PM EST
0022501026,1,8:11 PM EST
0022501025,1,7:11 PM EST
0022501029,1,8:41 PM EST
0022501031,1,10:11 PM EST
0022501028,1,8:11 PM EST
0022501030,1,9:42 PM EST
0022501022,1,5:11 PM EST
0022501023,1,7:11 PM EST
0022501034,1,7:42 PM EST
0022501035,1,8:13 PM EST
0022501032,1,5:11 PM EST
0022501036,1,9:13 PM EST
0022501033,1,6:11 PM EST
0022501046,1,10:41 PM EST
0022501041,1,7:14 PM EST
0022501039,1,7:11 PM EST
0022501040,1,7:11 PM EST
0022501037,1,7:41 PM EST
0022501042,1,8:12 PM EST
0022501044,1,9:43 PM EST
0022501045,1,10:13 PM EST
0022501043,1,9:13 PM EST
0022501038,1,7:11 PM EST
0022501048,1,7:44 PM EST
0022501049,1,8:13 PM EST
0022501050,1,11:13 PM EST
0022501047,1,7:11 PM EST
0022501062,1,10:42 PM EST
0022501058,1,9:43 PM EST
0022501052,1,7:12 PM EST
0022501053,1,7:11 PM EST
0022501054,1,7:41 PM EST
0022501055,1,7:41 PM EST
0022501059,1,10:11 PM EST
0022501060,1,10:12 PM EST
0022501061,1,10:12 PM EST
0022501057,1,9:12 PM EST
0022501056,1,8:11 PM EST
0022501051,1,7:14 PM EST
0022501065,1,7:11 PM EST
0022501064,1,7:11 PM EST
0022501063,1,7:11 PM EST
0022501075,1,10:41 PM EST
0022501066,1,7:11 PM EST
0022501067,1,7:41 PM EST
0022501068,1,7:41 PM EST
0022501072,1,9:12 PM EST
0022501073,1,10:11 PM EST
0022501074,1,10:12 PM EST
0022501070,1,8:11 PM EST
0022501071,1,8:43 PM EST
0022501069,1,8:11 PM EST
0022501076,1,3:13 PM EST
0022501080,1,5:41 PM EST
0022501078,1,7:42 PM EST
0022501081,1,10:11 PM EST
0022501079,1,8:11 PM EST
0022501077,1,6:11 PM EST
0022501082,1,3:41 PM EST
0022501084,1,6:11 PM EST
0022501083,1,5:11 PM EST
0022501088,1,7:11 PM EST
0022501090,1,10:19 PM EST
0022501087,1,6:13 PM EST
0022501089,1,7:43 PM EST
0022501086,1,6:12 PM EST
0022501085,1,6:11 PM EST
0022501098,1,10:11 PM EST
0022501091,1,7:13 PM EST
0022501092,1,7:41 PM EST
0022501095,1,8:41 PM EST
0022501094,1,8:13 PM EST
0022501097,1,9:43 PM EST
0022501096,1,9:12 PM EST
0022501093,1,8:11 PM EST
0022501102,1,8:13 PM EST
0022501104,1,11:13 PM EST
0022501103,1,10:41 PM EST
0022500652,1,8:11 PM EST
0022501100,1,7:41 PM EST
0022501099,1,7:12 PM EST
0022501101,1,8:14 PM EST
0022501110,1,8:12 PM EST
0022501106,1,7:43 PM EST
0022501107,1,7:12 PM EST
0022501109,1,8:11 PM EST
0022501113,1,10:13 PM EST
0022501108,1,8:13 PM EST
0022501112,1,9:12 PM EST
0022501003,1,8:11 PM EST
0022501105,1,7:11 PM EST
0022501119,1,10:42 PM EST
0022501117,1,10:11 PM EST
0022501118,1,10:13 PM EST
0022501116,1,9:43 PM EST
0022501115,1,7:13 PM EST
0022501114,1,7:11 PM EST
0022501124,1,8:12 PM EST
0022501126,1,8:11 PM EST
0022501122,1,7:42 PM EST
0022501123,1,7:43 PM EST
0022501121,1,7:13 PM EST
0022501127,1,8:41 PM EST
0022501128,1,10:12 PM EST
0022501125,1,8:13 PM EST
0022501120,1,7:11 PM EST
0022501129,1,3:12 PM EST
0022501131,1,7:12 PM EST
0022501130,1,3:14 PM EST
0022501135,1,3:41 PM EST
0022501137,1,7:11 PM EST
0022501133,1,3:41 PM EST
0022501132,1,3:42 PM EST
0022501136,1,6:11 PM EST
0022501138,1,7:11 PM EST
0022501134,1,3:41 PM EST
0022501140,1,7:42 PM EST
0022501142,1,10:14 PM EST
0022501141,1,9:11 PM EST
0022501139,1,7:13 PM EST
0022501144,1,7:12 PM EST
0022501143,1,7:13 PM EST
0022501147,1,9:11 PM EST
0022501146,1,8:11 PM EST
0022501145,1,8:11 PM EST
0022501156,1,10:41 PM EST
0022501155,1,10:41 PM EST
0022501150,1,7:41 PM EST
0022501152,1,7:11 PM EST
0022501149,1,8:14 PM EST
0022501153,1,8:11 PM EST
0022501154,1,10:12 PM EST
0022501157,1,11:14 PM EST
0022501151,1,7:43 PM EST
0022501148,1,7:11 PM EST
0022501163,1,10:11 PM EST
0022501159,1,7:14 PM EST
0022501158,1,7:13 PM EST
0022501162,1,9:11 PM EST
0022501164,1,10:11 PM EST
0022501161,1,9:43 PM EST
0022501160,1,7:14 PM EST
0022501169,1,8:12 PM EST
0022501167,1,7:41 PM EST
0022501168,1,7:43 PM EST
0022501170,1,10:14 PM EST
0022501165,1,7:13 PM EST
0022501166,1,7:13 PM EST
0022501178,1,9:43 PM EST
0022501185,1,10:41 PM EST
0022501179,1,8:13 PM EST
0022501176,1,7:43 PM EST
0022501175,1,7:41 PM EST
0022501173,1,7:13 PM EST
0022501174,1,7:42 PM EST
0022501177,1,8:12 PM EST
0022501182,1,9:11 PM EST
0022501183,1,10:14 PM EST
0022501184,1,10:12 PM EST
0022501180,1,8:11 PM EST
0022501181,1,9:43 PM EST
0022501172,1,7:15 PM EST
0022501171,1,7:11 PM EST
0022501194,1,8:42 PM EST
0022501199,1,8:42 PM EST
0022501198,1,8:41 PM EST
0022501189,1,6:12 PM EST
0022501195,1,8:42 PM EST
0022501190,1,6:12 PM EST
0022501188,1,6:12 PM EST
0022501191,1,6:11 PM EST
0022501186,1,6:13 PM EST
0022501187,1,6:11 PM EST
0022501193,1,8:41 PM EST
0022501200,1,8:44 PM EST
0022501197,1,8:43 PM EST
0022501196,1,8:41 PM EST
0022501192,1,6:13 PM EST
